[
    {
        "pk": 1, 
        "model": "sites.site", 
        "fields": {
            "domain": "1roeducate.com", 
            "name": "Primero educate (K-9)"
        }
    }, 
    {
        "pk": 2, 
        "model": "sites.site", 
        "fields": {
            "domain": "escuelasuperioronline.com", 
            "name": "Escuela superior online (10-12)"
        }
    }, 
    {
        "pk": 1, 
        "model": "main.currentsite", 
        "fields": {
            "selected": true, 
            "site": 1
        }
    }, 
    {
        "pk": 18, 
        "model": "mechanic.transformationrule", 
        "fields": {
            "description": "", 
            "title": "Alterar links en la forma 'Otros diccionarios'", 
            "parent_count": 0, 
            "attribute": "value", 
            "action_argument": "'%s%s' % (fetch_url, source)", 
            "enabled": true, 
            "sites": [], 
            "element": "option", 
            "action": "replace"
        }
    }, 
    {
        "pk": 21, 
        "model": "mechanic.transformationrule", 
        "fields": {
            "description": "", 
            "title": "Cambiar 'Proyecto salon hogar' a Barquin #3 (enter)", 
            "parent_count": 0, 
            "attribute": "content", 
            "action_argument": "'Barquin International'", 
            "enabled": true, 
            "sites": [], 
            "element": "", 
            "action": "remove"
        }
    }, 
    {
        "pk": 2, 
        "model": "mechanic.transformationrule", 
        "fields": {
            "description": "", 
            "title": "Cambiar 'salon hogar' a 'Barquin International'", 
            "parent_count": 0, 
            "attribute": "content", 
            "action_argument": "'Barquin International'", 
            "enabled": true, 
            "sites": [], 
            "element": "", 
            "action": "remove"
        }
    }, 
    {
        "pk": 5, 
        "model": "mechanic.transformationrule", 
        "fields": {
            "description": "", 
            "title": "Cambiar Hector A. Garcia a Barquin International", 
            "parent_count": 0, 
            "attribute": "content", 
            "action_argument": "'Barquin International'", 
            "enabled": true, 
            "sites": [], 
            "element": "", 
            "action": "remove"
        }
    }, 
    {
        "pk": 3, 
        "model": "mechanic.transformationrule", 
        "fields": {
            "description": "", 
            "title": "Cambiar text 'salon hogar' a Barquin International (espacios)", 
            "parent_count": 0, 
            "attribute": "content", 
            "action_argument": "'B a r q u i n&nbsp;&nbsp;I n t e r n a t i o n a l'", 
            "enabled": true, 
            "sites": [], 
            "element": "", 
            "action": "remove"
        }
    }, 
    {
        "pk": 4, 
        "model": "mechanic.transformationrule", 
        "fields": {
            "description": "", 
            "title": "Cambiar text 'salon hogar' a Barquin International (espacios) #2", 
            "parent_count": 0, 
            "attribute": "content", 
            "action_argument": "'B a r q u i n&nbsp;&nbsp;I n t e r n a t i o n a l'", 
            "enabled": true, 
            "sites": [], 
            "element": "", 
            "action": "remove"
        }
    }, 
    {
        "pk": 8, 
        "model": "mechanic.transformationrule", 
        "fields": {
            "description": "", 
            "title": "Desactivar links que salen del frame", 
            "parent_count": 0, 
            "attribute": "target", 
            "action_argument": "''", 
            "enabled": true, 
            "sites": [], 
            "element": "a", 
            "action": "replace"
        }
    }, 
    {
        "pk": 7, 
        "model": "mechanic.transformationrule", 
        "fields": {
            "description": "Remover GIF animado que muerta 'Salon Hogar' en la seccion de bibioteca", 
            "title": "Eliminar banner Salon Hogar", 
            "parent_count": 0, 
            "attribute": "src", 
            "action_argument": "", 
            "enabled": true, 
            "sites": [
                1
            ], 
            "element": "img", 
            "action": "remove"
        }
    }, 
    {
        "pk": 9, 
        "model": "mechanic.transformationrule", 
        "fields": {
            "description": "", 
            "title": "Eliminar link informe tiempo", 
            "parent_count": 0, 
            "attribute": "href", 
            "action_argument": "", 
            "enabled": true, 
            "sites": [], 
            "element": "a", 
            "action": "remove"
        }
    }, 
    {
        "pk": 6, 
        "model": "mechanic.transformationrule", 
        "fields": {
            "description": "", 
            "title": "Eliminar logo DE", 
            "parent_count": 0, 
            "attribute": "src", 
            "action_argument": "", 
            "enabled": true, 
            "sites": [], 
            "element": "img", 
            "action": "remove"
        }
    }, 
    {
        "pk": 12, 
        "model": "mechanic.transformationrule", 
        "fields": {
            "description": "", 
            "title": "Proyecto Sal\u00f3n Hogar", 
            "parent_count": 0, 
            "attribute": "content", 
            "action_argument": "'Barquin International'", 
            "enabled": true, 
            "sites": [], 
            "element": "", 
            "action": "remove"
        }
    }, 
    {
        "pk": 30, 
        "model": "mechanic.transformationrule", 
        "fields": {
            "description": "", 
            "title": "Remove texto 'El Portal Educativo de Am\u00e9rica'", 
            "parent_count": 0, 
            "attribute": "content", 
            "action_argument": "", 
            "enabled": true, 
            "sites": [], 
            "element": "", 
            "action": "remove"
        }
    }, 
    {
        "pk": 15, 
        "model": "mechanic.transformationrule", 
        "fields": {
            "description": "", 
            "title": "Remover 'Hector Garcia' in biblioteca", 
            "parent_count": 0, 
            "attribute": "content", 
            "action_argument": "'Barquin International'", 
            "enabled": true, 
            "sites": [], 
            "element": "a", 
            "action": "remove"
        }
    }, 
    {
        "pk": 28, 
        "model": "mechanic.transformationrule", 
        "fields": {
            "description": "", 
            "title": "Remover 'spacer' horizontal roto en enciclopedia", 
            "parent_count": 0, 
            "attribute": "src", 
            "action_argument": "", 
            "enabled": true, 
            "sites": [], 
            "element": "img", 
            "action": "remove"
        }
    }, 
    {
        "pk": 16, 
        "model": "mechanic.transformationrule", 
        "fields": {
            "description": "", 
            "title": "Remover diccionarios externos", 
            "parent_count": 0, 
            "attribute": "value", 
            "action_argument": "", 
            "enabled": true, 
            "sites": [], 
            "element": "option", 
            "action": "remove"
        }
    }, 
    {
        "pk": 26, 
        "model": "mechanic.transformationrule", 
        "fields": {
            "description": "Zona ingles, matematicas, estudios sociales, ciencia", 
            "title": "Remover endoso DE, forma google", 
            "parent_count": 0, 
            "attribute": "id", 
            "action_argument": "", 
            "enabled": true, 
            "sites": [], 
            "element": "", 
            "action": "remove"
        }
    }, 
    {
        "pk": 31, 
        "model": "mechanic.transformationrule", 
        "fields": {
            "description": "", 
            "title": "Remover enlace al museo del ni\u00f1o", 
            "parent_count": 1, 
            "attribute": "content", 
            "action_argument": "", 
            "enabled": true, 
            "sites": [
                1, 
                2
            ], 
            "element": "a", 
            "action": "remove"
        }
    }, 
    {
        "pk": 13, 
        "model": "mechanic.transformationrule", 
        "fields": {
            "description": "", 
            "title": "Remover enlace muerto a galeria", 
            "parent_count": 0, 
            "attribute": "href", 
            "action_argument": "", 
            "enabled": true, 
            "sites": [], 
            "element": "", 
            "action": "remove"
        }
    }, 
    {
        "pk": 17, 
        "model": "mechanic.transformationrule", 
        "fields": {
            "description": "", 
            "title": "Remover enlaces grado 10, 11 y 12 (por enlace)", 
            "parent_count": 0, 
            "attribute": "href", 
            "action_argument": "", 
            "enabled": true, 
            "sites": [], 
            "element": "a", 
            "action": "remove"
        }
    }, 
    {
        "pk": 27, 
        "model": "mechanic.transformationrule", 
        "fields": {
            "description": "", 
            "title": "Remover enlaces grado 10, 11 y 12 (por texto)", 
            "parent_count": 2, 
            "attribute": "content", 
            "action_argument": "", 
            "enabled": true, 
            "sites": [], 
            "element": "", 
            "action": "remove"
        }
    }, 
    {
        "pk": 11, 
        "model": "mechanic.transformationrule", 
        "fields": {
            "description": "", 
            "title": "Remover enlaze externo a galeria de fotos", 
            "parent_count": 1, 
            "attribute": "href", 
            "action_argument": "", 
            "enabled": true, 
            "sites": [], 
            "element": "a", 
            "action": "remove"
        }
    }, 
    {
        "pk": 20, 
        "model": "mechanic.transformationrule", 
        "fields": {
            "description": "Regla 26 hace esta redundante", 
            "title": "Remover forma de busqueda que usa google", 
            "parent_count": 0, 
            "attribute": "action", 
            "action_argument": "'#'", 
            "enabled": false, 
            "sites": [], 
            "element": "form", 
            "action": "replace"
        }
    }, 
    {
        "pk": 25, 
        "model": "mechanic.transformationrule", 
        "fields": {
            "description": "", 
            "title": "Remover forma de busqueda que usa google en biblioteca principal", 
            "parent_count": 0, 
            "attribute": "id", 
            "action_argument": "", 
            "enabled": true, 
            "sites": [], 
            "element": "", 
            "action": "remove"
        }
    }, 
    {
        "pk": 24, 
        "model": "mechanic.transformationrule", 
        "fields": {
            "description": "", 
            "title": "Remover forma de busqueda que usa google en zona espa\u00f1ol", 
            "parent_count": 0, 
            "attribute": "id", 
            "action_argument": "", 
            "enabled": true, 
            "sites": [], 
            "element": "", 
            "action": "remove"
        }
    }, 
    {
        "pk": 19, 
        "model": "mechanic.transformationrule", 
        "fields": {
            "description": "", 
            "title": "Remover link a pagina indice salonhogar", 
            "parent_count": 0, 
            "attribute": "href", 
            "action_argument": "", 
            "enabled": true, 
            "sites": [], 
            "element": "a", 
            "action": "remove"
        }
    }, 
    {
        "pk": 10, 
        "model": "mechanic.transformationrule", 
        "fields": {
            "description": "Entrada 22 hace esta redundante", 
            "title": "Remover link antivirus panda", 
            "parent_count": 0, 
            "attribute": "href", 
            "action_argument": "", 
            "enabled": false, 
            "sites": [], 
            "element": "a", 
            "action": "remove"
        }
    }, 
    {
        "pk": 32, 
        "model": "mechanic.transformationrule", 
        "fields": {
            "description": "", 
            "title": "Remover link galeria espa\u00f1ola da\u00f1ada", 
            "parent_count": 1, 
            "attribute": "href", 
            "action_argument": "", 
            "enabled": true, 
            "sites": [
                1, 
                2
            ], 
            "element": "a", 
            "action": "remove"
        }
    }, 
    {
        "pk": 14, 
        "model": "mechanic.transformationrule", 
        "fields": {
            "description": "Se elimina porque contiene demasiados links que apagan el portal captivo", 
            "title": "Remover link gif animados", 
            "parent_count": 0, 
            "attribute": "href", 
            "action_argument": "", 
            "enabled": true, 
            "sites": [], 
            "element": "", 
            "action": "remove"
        }
    }, 
    {
        "pk": 29, 
        "model": "mechanic.transformationrule", 
        "fields": {
            "description": "", 
            "title": "Remover link terminos registro examenes", 
            "parent_count": 3, 
            "attribute": "href", 
            "action_argument": "", 
            "enabled": true, 
            "sites": [], 
            "element": "a", 
            "action": "remove"
        }
    }, 
    {
        "pk": 23, 
        "model": "mechanic.transformationrule", 
        "fields": {
            "description": "", 
            "title": "Remover tabla endoso DE", 
            "parent_count": 0, 
            "attribute": "id", 
            "action_argument": "", 
            "enabled": true, 
            "sites": [], 
            "element": "", 
            "action": "remove"
        }
    }, 
    {
        "pk": 1, 
        "model": "mechanic.transformationrule", 
        "fields": {
            "description": "", 
            "title": "Remover texto 'Departament de Educacion'", 
            "parent_count": 0, 
            "attribute": "content", 
            "action_argument": "", 
            "enabled": true, 
            "sites": [], 
            "element": "", 
            "action": "remove"
        }
    }, 
    {
        "pk": 22, 
        "model": "mechanic.transformationrule", 
        "fields": {
            "description": "", 
            "title": "Remover todos los enlaces que no sean de salonhogar", 
            "parent_count": 0, 
            "attribute": "href", 
            "action_argument": "'* FORBIDDEN LINK *'", 
            "enabled": false, 
            "sites": [], 
            "element": "a", 
            "action": "remove"
        }
    }, 
    {
        "pk": 1, 
        "model": "mechanic.elementcomparison", 
        "fields": {
            "attribute_comparison": "icontains", 
            "negate": false, 
            "attribute_comparison_operand": "and", 
            "value": "Departamento de Educac", 
            "transformation_rule": 1
        }
    }, 
    {
        "pk": 2, 
        "model": "mechanic.elementcomparison", 
        "fields": {
            "attribute_comparison": "icontains", 
            "negate": false, 
            "attribute_comparison_operand": "and", 
            "value": "proyecto", 
            "transformation_rule": 2
        }
    }, 
    {
        "pk": 3, 
        "model": "mechanic.elementcomparison", 
        "fields": {
            "attribute_comparison": "icontains", 
            "negate": false, 
            "attribute_comparison_operand": "and", 
            "value": "hogar", 
            "transformation_rule": 2
        }
    }, 
    {
        "pk": 4, 
        "model": "mechanic.elementcomparison", 
        "fields": {
            "attribute_comparison": "icontains", 
            "negate": false, 
            "attribute_comparison_operand": "and", 
            "value": "p r o y", 
            "transformation_rule": 3
        }
    }, 
    {
        "pk": 5, 
        "model": "mechanic.elementcomparison", 
        "fields": {
            "attribute_comparison": "icontains", 
            "negate": false, 
            "attribute_comparison_operand": "and", 
            "value": "g a r", 
            "transformation_rule": 3
        }
    }, 
    {
        "pk": 6, 
        "model": "mechanic.elementcomparison", 
        "fields": {
            "attribute_comparison": "icontains", 
            "negate": false, 
            "attribute_comparison_operand": "and", 
            "value": "y e c t o", 
            "transformation_rule": 4
        }
    }, 
    {
        "pk": 7, 
        "model": "mechanic.elementcomparison", 
        "fields": {
            "attribute_comparison": "icontains", 
            "negate": false, 
            "attribute_comparison_operand": "and", 
            "value": "g a r", 
            "transformation_rule": 4
        }
    }, 
    {
        "pk": 8, 
        "model": "mechanic.elementcomparison", 
        "fields": {
            "attribute_comparison": "icontains", 
            "negate": false, 
            "attribute_comparison_operand": "and", 
            "value": "ctor a. garc", 
            "transformation_rule": 5
        }
    }, 
    {
        "pk": 9, 
        "model": "mechanic.elementcomparison", 
        "fields": {
            "attribute_comparison": "icontains", 
            "negate": false, 
            "attribute_comparison_operand": "and", 
            "value": "DE_3.gif", 
            "transformation_rule": 6
        }
    }, 
    {
        "pk": 10, 
        "model": "mechanic.elementcomparison", 
        "fields": {
            "attribute_comparison": "icontains", 
            "negate": false, 
            "attribute_comparison_operand": "and", 
            "value": "pshbanner_ani.gif", 
            "transformation_rule": 7
        }
    }, 
    {
        "pk": 11, 
        "model": "mechanic.elementcomparison", 
        "fields": {
            "attribute_comparison": "equals", 
            "negate": true, 
            "attribute_comparison_operand": "and", 
            "value": "_self", 
            "transformation_rule": 8
        }
    }, 
    {
        "pk": 12, 
        "model": "mechanic.elementcomparison", 
        "fields": {
            "attribute_comparison": "icontains", 
            "negate": false, 
            "attribute_comparison_operand": "and", 
            "value": "www.srh.noaa.gov", 
            "transformation_rule": 9
        }
    }, 
    {
        "pk": 13, 
        "model": "mechanic.elementcomparison", 
        "fields": {
            "attribute_comparison": "icontains", 
            "negate": false, 
            "attribute_comparison_operand": "or", 
            "value": "DE_3.jpg", 
            "transformation_rule": 6
        }
    }, 
    {
        "pk": 14, 
        "model": "mechanic.elementcomparison", 
        "fields": {
            "attribute_comparison": "icontains", 
            "negate": false, 
            "attribute_comparison_operand": "or", 
            "value": "Fundaci\u00f3n H\u00e9ctor A.", 
            "transformation_rule": 5
        }
    }, 
    {
        "pk": 15, 
        "model": "mechanic.elementcomparison", 
        "fields": {
            "attribute_comparison": "icontains", 
            "negate": false, 
            "attribute_comparison_operand": "and", 
            "value": "pandasoftware", 
            "transformation_rule": 10
        }
    }, 
    {
        "pk": 16, 
        "model": "mechanic.elementcomparison", 
        "fields": {
            "attribute_comparison": "icontains", 
            "negate": false, 
            "attribute_comparison_operand": "and", 
            "value": "recursostic.educacion.es", 
            "transformation_rule": 11
        }
    }, 
    {
        "pk": 17, 
        "model": "mechanic.elementcomparison", 
        "fields": {
            "attribute_comparison": "icontains", 
            "negate": false, 
            "attribute_comparison_operand": "and", 
            "value": "Proyecto Sal\u00f3n Hogar", 
            "transformation_rule": 12
        }
    }, 
    {
        "pk": 18, 
        "model": "mechanic.elementcomparison", 
        "fields": {
            "attribute_comparison": "icontains", 
            "negate": false, 
            "attribute_comparison_operand": "and", 
            "value": "www.damisela.com", 
            "transformation_rule": 13
        }
    }, 
    {
        "pk": 19, 
        "model": "mechanic.elementcomparison", 
        "fields": {
            "attribute_comparison": "icontains", 
            "negate": false, 
            "attribute_comparison_operand": "and", 
            "value": "www.pekegifs.com", 
            "transformation_rule": 14
        }
    }, 
    {
        "pk": 20, 
        "model": "mechanic.elementcomparison", 
        "fields": {
            "attribute_comparison": "icontains", 
            "negate": false, 
            "attribute_comparison_operand": "and", 
            "value": "H \u00e9 c", 
            "transformation_rule": 15
        }
    }, 
    {
        "pk": 21, 
        "model": "mechanic.elementcomparison", 
        "fields": {
            "attribute_comparison": "icontains", 
            "negate": false, 
            "attribute_comparison_operand": "and", 
            "value": "G a r c \u00ed", 
            "transformation_rule": 15
        }
    }, 
    {
        "pk": 22, 
        "model": "mechanic.elementcomparison", 
        "fields": {
            "attribute_comparison": "icontains", 
            "negate": true, 
            "attribute_comparison_operand": "and", 
            "value": "proyectosalonhogar.com", 
            "transformation_rule": 16
        }
    }, 
    {
        "pk": 23, 
        "model": "mechanic.elementcomparison", 
        "fields": {
            "attribute_comparison": "icontains", 
            "negate": false, 
            "attribute_comparison_operand": "and", 
            "value": "_s10.htm", 
            "transformation_rule": 17
        }
    }, 
    {
        "pk": 24, 
        "model": "mechanic.elementcomparison", 
        "fields": {
            "attribute_comparison": "icontains", 
            "negate": false, 
            "attribute_comparison_operand": "and", 
            "value": "proyectosalonhogar.com", 
            "transformation_rule": 18
        }
    }, 
    {
        "pk": 25, 
        "model": "mechanic.elementcomparison", 
        "fields": {
            "attribute_comparison": "icontains", 
            "negate": false, 
            "attribute_comparison_operand": "and", 
            "value": "index_futuroe.html", 
            "transformation_rule": 19
        }
    }, 
    {
        "pk": 26, 
        "model": "mechanic.elementcomparison", 
        "fields": {
            "attribute_comparison": "icontains", 
            "negate": false, 
            "attribute_comparison_operand": "and", 
            "value": "google.com\r\n", 
            "transformation_rule": 20
        }
    }, 
    {
        "pk": 27, 
        "model": "mechanic.elementcomparison", 
        "fields": {
            "attribute_comparison": "equals", 
            "negate": false, 
            "attribute_comparison_operand": "and", 
            "value": "Proye", 
            "transformation_rule": 21
        }
    }, 
    {
        "pk": 28, 
        "model": "mechanic.elementcomparison", 
        "fields": {
            "attribute_comparison": "icontains", 
            "negate": true, 
            "attribute_comparison_operand": "and", 
            "value": "salonhogar", 
            "transformation_rule": 22
        }
    }, 
    {
        "pk": 29, 
        "model": "mechanic.elementcomparison", 
        "fields": {
            "attribute_comparison": "equals", 
            "negate": false, 
            "attribute_comparison_operand": "and", 
            "value": "table190", 
            "transformation_rule": 23
        }
    }, 
    {
        "pk": 30, 
        "model": "mechanic.elementcomparison", 
        "fields": {
            "attribute_comparison": "equals", 
            "negate": false, 
            "attribute_comparison_operand": "and", 
            "value": "table51", 
            "transformation_rule": 24
        }
    }, 
    {
        "pk": 31, 
        "model": "mechanic.elementcomparison", 
        "fields": {
            "attribute_comparison": "equals", 
            "negate": false, 
            "attribute_comparison_operand": "and", 
            "value": "table75", 
            "transformation_rule": 25
        }
    }, 
    {
        "pk": 32, 
        "model": "mechanic.elementcomparison", 
        "fields": {
            "attribute_comparison": "equals", 
            "negate": false, 
            "attribute_comparison_operand": "and", 
            "value": "table18", 
            "transformation_rule": 26
        }
    }, 
    {
        "pk": 33, 
        "model": "mechanic.elementcomparison", 
        "fields": {
            "attribute_comparison": "equals", 
            "negate": false, 
            "attribute_comparison_operand": "or", 
            "value": "table58", 
            "transformation_rule": 26
        }
    }, 
    {
        "pk": 34, 
        "model": "mechanic.elementcomparison", 
        "fields": {
            "attribute_comparison": "equals", 
            "negate": false, 
            "attribute_comparison_operand": "or", 
            "value": "table35", 
            "transformation_rule": 26
        }
    }, 
    {
        "pk": 35, 
        "model": "mechanic.elementcomparison", 
        "fields": {
            "attribute_comparison": "equals", 
            "negate": false, 
            "attribute_comparison_operand": "or", 
            "value": "table34", 
            "transformation_rule": 26
        }
    }, 
    {
        "pk": 36, 
        "model": "mechanic.elementcomparison", 
        "fields": {
            "attribute_comparison": "icontains", 
            "negate": false, 
            "attribute_comparison_operand": "or", 
            "value": "_s11.htm", 
            "transformation_rule": 17
        }
    }, 
    {
        "pk": 37, 
        "model": "mechanic.elementcomparison", 
        "fields": {
            "attribute_comparison": "icontains", 
            "negate": false, 
            "attribute_comparison_operand": "or", 
            "value": "_12.htm", 
            "transformation_rule": 17
        }
    }, 
    {
        "pk": 38, 
        "model": "mechanic.elementcomparison", 
        "fields": {
            "attribute_comparison": "icontains", 
            "negate": false, 
            "attribute_comparison_operand": "or", 
            "value": "12mo", 
            "transformation_rule": 27
        }
    }, 
    {
        "pk": 39, 
        "model": "mechanic.elementcomparison", 
        "fields": {
            "attribute_comparison": "icontains", 
            "negate": false, 
            "attribute_comparison_operand": "or", 
            "value": "11mo", 
            "transformation_rule": 27
        }
    }, 
    {
        "pk": 40, 
        "model": "mechanic.elementcomparison", 
        "fields": {
            "attribute_comparison": "icontains", 
            "negate": false, 
            "attribute_comparison_operand": "or", 
            "value": "10mo", 
            "transformation_rule": 27
        }
    }, 
    {
        "pk": 41, 
        "model": "mechanic.elementcomparison", 
        "fields": {
            "attribute_comparison": "icontains", 
            "negate": false, 
            "attribute_comparison_operand": "and", 
            "value": "/Salones/Espanol/temas_hor_fill.gif", 
            "transformation_rule": 28
        }
    }, 
    {
        "pk": 42, 
        "model": "mechanic.elementcomparison", 
        "fields": {
            "attribute_comparison": "icontains", 
            "negate": false, 
            "attribute_comparison_operand": "or", 
            "value": "/Salones/Espanol/temas_hor_fillb.gif", 
            "transformation_rule": 28
        }
    }, 
    {
        "pk": 43, 
        "model": "mechanic.elementcomparison", 
        "fields": {
            "attribute_comparison": "icontains", 
            "negate": false, 
            "attribute_comparison_operand": "and", 
            "value": "http://www.salonhogar.net/terminos.htm", 
            "transformation_rule": 29
        }
    }, 
    {
        "pk": 44, 
        "model": "mechanic.elementcomparison", 
        "fields": {
            "attribute_comparison": "icontains", 
            "negate": false, 
            "attribute_comparison_operand": "and", 
            "value": "portal educativo de am", 
            "transformation_rule": 30
        }
    }, 
    {
        "pk": 45, 
        "model": "mechanic.elementcomparison", 
        "fields": {
            "attribute_comparison": "icontains", 
            "negate": false, 
            "attribute_comparison_operand": "and", 
            "value": "Museo del ni\u00f1o", 
            "transformation_rule": 31
        }
    }, 
    {
        "pk": 46, 
        "model": "mechanic.elementcomparison", 
        "fields": {
            "attribute_comparison": "icontains", 
            "negate": false, 
            "attribute_comparison_operand": "and", 
            "value": "galeria_imagenes/galeria_imagenes/recursos_galeria.html", 
            "transformation_rule": 32
        }
    }, 
    {
        "pk": 1, 
        "model": "webtheme.siteskin", 
        "fields": {
            "site": 1, 
            "skin": "educational_site"
        }
    }, 
    {
        "pk": 2, 
        "model": "webtheme.siteskin", 
        "fields": {
            "site": 2, 
            "skin": "greenboard"
        }
    }
]